date,city,latitude,longitude,pm25,pm10,no2,so2,o3,co
2025-05-24,Delhi,28.691554011884737,77.147571430641,69.71532807151038,62.84544784612038,36.48769937914996,36.487945645762295,63.688192232610874,51.51152093729363
2025-05-25,Delhi,28.65615844942958,77.1494909852162,52.95788421097572,48.13840065378947,33.04873460781307,33.01405369644615,43.629434073490515,11.300796330133032
2025-05-26,Delhi,28.697294501864214,77.08162291401982,44.80753319498364,44.71370998892911,26.37963886718184,18.815444479970626,61.98473153382331,36.61335549270196
2025-05-27,Delhi,28.674067378215835,77.10392344384137,51.834259132122256,41.663838845647994,22.735096338665457,45.63547027518508,30.990419651217927,35.62459375310085
2025-05-28,Delhi,28.722523302651215,77.09651524937397,59.79754162893099,24.134336065661493,52.338173681547836,21.687345250434667,43.132953925071334,10.604948141803366
2025-05-29,Delhi,28.70877102793433,77.07098544555257,71.07699869993115,42.57052421784956,38.265275764176394,35.48344456616067,17.822170144488588,29.20233687407937
2025-05-30,Delhi,28.736973750915194,77.08817533266937,65.15427434352692,13.554397669558991,44.86125954092192,34.22376579375525,29.84616999541062,49.175144332613016
2025-05-31,Delhi,28.65465221171236,77.13404614284549,75.46499283743927,53.96920178674298,27.41173715166042,35.36181436223178,44.96895147105346,54.63317690683539
2025-06-01,Delhi,28.687189802485264,77.05885583502861,43.40497538990958,22.056900638789937,52.18788733591297,60.34360042856234,38.91984817629499,55.052993468380365
2025-06-02,Delhi,28.66605942459383,77.12382447872231,65.4209340826262,63.07054849698954,39.46260941335073,63.46965483721009,0.7038234386538349,52.32853756562836
2025-06-03,Delhi,28.65664191267441,77.06328914269933,61.30570602357257,35.51488974301199,41.37641164803254,10.186466280986608,36.70492168243732,45.3566885726762
2025-06-04,Delhi,28.695138292303564,77.12805511385432,47.87259595660218,32.47364434623195,53.731031765531114,44.93126664489527,32.05359694349442,47.699011496700344
2025-06-05,Delhi,28.743355899848996,77.10643422419157,49.469203591839715,35.085067801033475,34.118377703017636,18.04727577801822,44.44180415596864,43.91582908269834
2025-06-06,Delhi,28.65479521305312,77.10357473025776,38.769438869243785,33.69032015851961,34.85928225209846,27.965840961675717,37.580714325009865,46.060762852218076
2025-06-07,Delhi,28.705979062174336,77.12280189588952,63.86325586084146,38.883311263507494,11.218431770514378,39.602291868261744,40.9034531491154,76.94863168727929
2025-06-08,Delhi,28.659247875125,77.08036464642366,57.114585528283165,44.523210135004184,39.47932345442135,22.46982943570702,57.14234221772531,51.27899549030161
2025-06-09,Delhi,28.67786375439924,77.1253216348612,81.04191466404149,18.972234058115788,48.80285640700406,72.85683438714968,25.141955123039676,31.50553405595842
2025-06-10,Delhi,28.658177514155476,77.11158929431883,36.74004853400801,41.02844462209041,24.065444294108428,47.10388645952772,26.208636486492953,63.24901607526309
2025-06-11,Delhi,28.747772998873675,77.06625209441461,48.251200614956446,35.16907725691487,52.202758260545046,21.53703525349067,43.41189901906194,59.60714131423642
2025-06-12,Delhi,28.7070650578356,77.07668522909005,63.89824191372635,51.72734307665966,21.445739336828773,20.193150803735854,47.829123484253465,44.45477009849779
2025-06-13,Delhi,28.74280864242651,77.13048755458577,49.79962917632264,43.48380545741505,44.39608709948022,29.28472872960448,67.98661766717134,47.10749381367681
2025-06-14,Delhi,28.71929612595026,77.07492693094606,45.379774946590175,51.806269056136784,57.378933685111065,27.689765224724344,54.45064193866483,46.191713904047475
2025-06-15,Delhi,28.719861289230035,77.10933086033356,56.31917825995694,28.693957534637654,26.65728355561715,27.762845725518424,38.843474358788434,45.117279622249654
2025-06-16,Delhi,28.74330465551771,77.11561386259973,60.19502837816861,61.80301115735975,36.03014750143066,80.80253749884429,49.385010216475095,27.142636653755762
2025-06-17,Delhi,28.682177236244087,77.05493159664316,43.93661252908332,47.23708622864778,36.64805822011223,50.71000741138138,47.09856436860317,38.90756631014691
2025-06-18,Delhi,28.750461997708925,77.13780094554674,47.29809422897392,17.277291629712032,33.302275718994686,52.84598191485209,43.21140616195306,21.31391831932018
2025-06-19,Delhi,28.74771547741608,77.1221029796675,46.74213845698301,42.305876589182915,40.87313077669,22.855445532540653,45.36681040522425,48.41176789552352
2025-06-20,Delhi,28.72380157409953,77.12274840839872,39.33495948064363,25.93262440127316,47.7255290081299,47.706789263683135,47.72571529459072,97.79097235982081
2025-06-21,Delhi,28.733929517896676,77.11749639307779,74.31002645239803,49.77086876958697,35.27096133039482,51.38453830739901,28.407621781936424,36.44772089889987
2025-06-22,Delhi,28.711928014099616,77.05609422737967,94.71987850010262,11.99102211112378,50.2939028556177,15.809261932155223,32.9210220131585,56.33425895451049
2025-06-23,Delhi,28.66680605126519,77.10472432600548,49.27044436110047,50.19396623402014,29.04450052424295,43.246878843729625,40.68357759855721,30.225994785912743
2025-06-24,Delhi,28.70816351216101,77.11624299014983,29.622861200135894,42.796814721541416,30.073203028474182,52.78650002194336,28.112188923509493,38.278953377996515
2025-06-25,Delhi,28.656635074341548,77.1487648414678,67.57480918470685,52.98632791255182,21.995553894163358,34.98248146238578,32.87582033258566,30.200061511394324
2025-06-26,Delhi,28.709022666470613,77.12395959227001,41.08674068497432,53.767929205821645,71.8323429551895,55.486978908267204,17.2094505106898,32.73648890700623
2025-06-27,Delhi,28.689697267865128,77.12828461104644,66.65729142219342,51.61951080144005,26.096042926328757,39.107119659073,0.0,24.634185379985652
2025-06-28,Delhi,28.671420186991003,77.0958851649238,84.48616955897452,18.54787933059051,33.39933269954524,41.96110865929137,61.619099335991734,18.46206773230841
2025-06-29,Delhi,28.70441362585801,77.13814898411884,45.27737023428074,46.93155211394906,42.98589543360205,30.99674684261808,41.04703127485028,34.220296047073596
2025-06-30,Delhi,28.748123024142497,77.1100474177876,83.79025224218029,21.432767517597263,71.995500619844,10.718683007162472,37.72322357446625,48.82475809726865
2025-07-01,Delhi,28.75021905638239,77.14303506419562,64.2148780160255,30.659507202691096,36.87816624464087,32.604985980117505,31.15952864583683,52.744031455315366
2025-07-02,Delhi,28.665916482762167,77.12217371653642,73.49399813149876,44.60949281314914,52.1929317825844,49.44443262885419,27.565074836168918,31.597284397045456
2025-07-03,Delhi,28.729161475164087,77.13318347392674,59.68647609053778,41.75991074963173,59.16497343682637,31.12642916746255,48.20646071755057,36.96711021349159
2025-07-04,Delhi,28.7399412751843,77.09539940273751,72.38124523482045,52.20264454000958,59.582182107314935,40.31505762449139,50.22929456942446,35.34599865109816
2025-07-05,Delhi,28.693020167873417,77.05358376514803,64.86249528732664,38.047854184484734,41.45493947489077,48.9273553815537,27.72668975149791,71.3858091352819
2025-07-06,Delhi,28.683421077169807,77.085366454537,77.37166310250102,51.87494040944404,49.36179725578233,49.4251826389642,39.81629840729628,26.541184427712526
2025-07-07,Delhi,28.659855876001664,77.10745288823237,74.62679600126627,37.79413927746792,27.617542048112327,35.1792123752051,46.193971814134365,31.54413170794038
2025-07-08,Delhi,28.715921806331625,77.06261226761228,63.674498566630845,32.39585236943305,32.93442541572516,43.480749060364545,18.27873487754014,18.888043384351672
2025-07-09,Delhi,28.73537995672575,77.1472248577384,49.22333668121346,36.798292724322295,44.66361348397007,62.13034325424328,52.86489434803029,37.60092205054859
2025-07-10,Delhi,28.665219748230616,77.1017625104291,59.72230296011415,35.670120416197925,44.84077840507134,27.591535846715153,47.79019771361759,62.99108369503867
2025-07-11,Delhi,28.750317254847456,77.08998705795237,70.35215987566669,33.98169292171246,43.36138722715625,40.18888601172692,41.465141478232475,28.404853242168002
2025-07-12,Delhi,28.75103025356191,77.10480978441701,81.76715411692562,54.3890623912781,72.29773686267335,28.489786556679256,53.08480955081017,42.75013008607527
2025-07-13,Delhi,28.658644638034147,77.08059631895922,92.8470439982651,27.87552571967273,27.40417236728836,31.009110318339665,8.141564135352898,32.113674674788584
2025-07-14,Delhi,28.712465611185088,77.0602734636965,65.12633963665739,68.14256258823829,54.256357572790755,31.346445165063955,26.52377992977463,47.37878757259759
2025-07-15,Delhi,28.745192718449385,77.13475372429232,40.19650189469037,67.47188148781531,57.69160181081931,32.962365218429426,14.302982063636836,60.30808561248119
2025-07-16,Delhi,28.75109143978146,77.13671189231357,58.28190232121073,58.56724467960193,16.083585118084493,31.009374655693406,40.07865549577275,40.70470890647113
2025-07-17,Delhi,28.73099874151805,77.14697657298825,53.249017927811344,49.34274898521248,23.985693559261083,37.8643077246806,41.804434475678484,47.71658251088124
2025-07-18,Delhi,28.676964280550347,77.1196700684406,36.98828743896567,59.16515232847763,44.98471017969388,28.772701951651698,63.26727963283784,41.73511951439288
2025-07-19,Delhi,28.7061163501112,77.13771815003186,90.91121887322981,66.33011263664807,36.2655377728139,54.57356426431533,49.680639243777215,60.52947336298523
2025-07-20,Delhi,28.724507976809925,77.0737964161509,75.87636730274382,13.618907703653285,22.251122310013372,9.411517333598493,35.95889748333163,50.76313383693943
2025-07-21,Delhi,28.70549894891598,77.13086530127413,84.42923318356938,19.29847812677663,14.449263409672682,39.16678451655072,45.76098173408961,39.509578778588605
2025-07-22,Delhi,28.703361809399286,77.08537516102875,40.43295749242721,50.04508823245058,45.498973691452726,25.90180320508967,32.2919962399496,24.111797171665728
2025-07-23,Delhi,28.7437788409906,77.09989616402629,45.21410930496684,47.560697732767665,32.04613572441339,28.106907516064837,38.394544600681634,24.47136516370939
2025-07-24,Delhi,28.67473337184058,77.08892698610481,89.47087699374583,40.52895327957593,29.504117380111218,43.20969866101333,38.31507925463755,36.685456007001655
2025-07-25,Delhi,28.73472012797931,77.12732596903837,52.04248278584209,31.362726390329797,35.874224542725344,5.471182528966224,17.272134067021717,60.50311401166787
2025-07-26,Delhi,28.700353471613315,77.12724709381338,68.6483544458365,44.66875231815304,86.18321212682856,56.79362367151865,38.0812361277885,25.666893390993614
2025-07-27,Delhi,28.7073617266455,77.07674705036348,48.654738820735446,18.666194356034886,30.301406736362104,23.776779945784074,65.30712452608847,53.224596354241754
2025-07-28,Delhi,28.733017123860733,77.10234421989291,61.16052461471428,27.080736980076047,62.84686115904486,48.08365065526988,24.441307685103155,37.14491982874588
2025-07-29,Delhi,28.68247759057987,77.08880822963987,73.89266321297463,68.64124960705196,19.02148639271288,48.444538550358565,30.240361463172597,32.69311924352956
2025-07-30,Delhi,28.67275670240513,77.08100951686939,60.72782441917241,27.535748253834434,44.056852386697585,39.246428358262946,36.41577929700385,26.386545069376034
2025-07-31,Delhi,28.75104704332754,77.13905071258941,51.34843004147501,51.33086838738634,47.51375781436571,25.336671328021737,41.489984581438385,51.27080685057683
2025-08-01,Delhi,28.71126126894699,77.08049790936603,50.060643615812296,48.55898002889739,28.551112651862248,12.926768490032213,15.586863431752562,40.72127419992073
2025-08-02,Delhi,28.665583682473923,77.11356200424417,69.57888688166061,15.077199065965601,39.00880302029025,21.83475700356315,30.222458382967613,40.71098006974621
2025-08-03,Delhi,28.68776042781939,77.0659414676939,75.0943921382166,31.34662195715277,52.535381680977125,23.05439718013573,47.947062668729245,61.6235293098685
2025-08-04,Delhi,28.701257618855017,77.09368409141473,68.6560819077081,36.95431920935511,45.56718810056963,30.940222199262692,41.2988468120935,37.664841469118805
2025-08-05,Delhi,28.711547311317993,77.13668287767584,65.06403993112804,33.82184550816299,32.6859066389126,33.51162718270569,45.91678213567445,33.68523278769605
2025-08-06,Delhi,28.72061972206962,77.10480654247692,73.06687055147539,35.10964701748238,58.01820883245917,33.87886940467673,9.428131972332192,24.878705336238937
2025-08-07,Delhi,28.700367978566963,77.08263778741642,60.276275687843274,65.14655968412924,44.90391060646244,36.71349206786704,52.441083717752335,6.832970364881724
2025-08-08,Delhi,28.744747211096456,77.11492379959141,37.821206313302376,57.15631064810394,45.07744611241621,33.77068129148798,49.491727991594274,74.06039286706593
2025-08-09,Delhi,28.743489258305097,77.13135972112246,53.109586506896335,27.252334458028123,52.455037248163684,27.15874261136699,41.073493558290885,32.83513829852325
2025-08-10,Delhi,28.73034586857407,77.14017656367618,75.56309916386849,32.349754017178796,35.95187597059943,25.318544263265387,33.33560109885833,45.65950739567278
2025-08-11,Delhi,28.677025139523266,77.12472525683931,73.0440888015849,60.33456788207427,46.20152354835551,68.151937188371,28.393162013446407,21.330179450328746
2025-08-12,Delhi,28.672259771680142,77.14334505613337,33.319196266435824,62.440664672337746,49.81548484531086,39.16622993634317,44.1995293947973,23.117664290524353
2025-08-13,Delhi,28.704688867888446,77.11364542354347,61.64092191907339,50.88649935848038,47.2151384760507,43.35826036418697,28.14288316832032,47.072025357039934
2025-08-14,Delhi,28.711728836016682,77.11317150463829,83.89779939959095,32.33176485353222,25.15592769612129,38.11319619850528,40.835873684330416,56.41287277706422
2025-08-15,Delhi,28.713227543574494,77.09240027038702,57.629881521315156,33.5967839507887,24.81843437109749,15.17714992201346,52.34755875942872,41.09976950782606
2025-08-16,Delhi,28.688734599436597,77.08719532018964,54.96322951064808,65.0353228793409,36.10612972954593,17.45285570322841,36.313854038710836,35.90914645378494
2025-08-17,Delhi,28.70393677727395,77.09439254495047,56.53598204686983,50.44309547220128,67.73434142418017,56.89847544321636,35.96666964167754,23.402111368874944
2025-08-18,Delhi,28.662634966807865,77.15218742518461,98.60039704874791,40.888276510217324,40.20893937869419,39.638123693349954,42.971271411517826,37.834593821140864
2025-08-19,Delhi,28.674613964048202,77.07156877206637,59.50870094676002,31.848628432993525,29.307313259842534,41.596453415378456,36.17534173868717,62.559894828740326
2025-08-20,Delhi,28.70653902693276,77.09657627469383,78.69127788746444,8.89914651387776,34.85968608879477,34.428387010063126,18.887324579232683,28.33274968613687
2025-08-21,Delhi,28.718499954323903,77.09337341710982,74.03517589721191,59.07332642491238,50.82508096064853,23.06422343174156,32.132196005803394,47.34061841841877
2025-05-24,Mumbai,19.091274610785188,72.85151827810468,56.39511902762798,34.377687886756036,50.664399523052374,46.6639496722906,34.585507512713804,57.38994705046372
2025-05-25,Mumbai,19.092808513657065,72.84819842954158,68.89651886952575,35.35680341029015,44.89199533363177,21.233296354220457,53.860405288103514,37.22646795335516
2025-05-26,Mumbai,19.107744356173846,72.86188173516979,49.43484464185861,18.873080554546604,16.650562397141442,49.0901492701846,20.793559712555755,66.32191272976547
2025-05-27,Mumbai,19.0812047180852,72.87131265291353,63.16526200803928,38.549303321944116,31.826213697865754,45.987041715281066,39.435479463627274,56.54952823024782
2025-05-28,Mumbai,19.11545522268941,72.90768552559473,54.54581681679216,39.14581564418399,44.61702653338089,14.347474110150618,19.777218668414307,51.148961410340725
2025-05-29,Mumbai,19.039935607407283,72.91119302367993,60.2765089959809,45.21372558042506,31.903604795359577,28.32542911896531,42.93767882646522,25.32440833577452
2025-05-30,Mumbai,19.053405522068722,72.88311780025158,75.43733455988465,47.08896223619564,43.840446014708135,54.74036475918271,64.98211666693865,55.21555097527195
2025-05-31,Mumbai,19.043537127862347,72.9191411945925,32.38688653002532,20.806345498964475,30.627721334564818,40.3913657531625,47.76488530703685,29.113842802698016
2025-06-01,Mumbai,19.034279866792513,72.88801521094665,50.82723295512078,18.900083547276665,26.151501308336435,19.724730915754996,25.36190120534001,55.80462694911759
2025-06-02,Mumbai,19.08264046402969,72.87530504021991,67.39976851321333,42.77254185542311,27.124633297281797,50.50464819113487,31.36543260643339,41.83014721968042
2025-06-03,Mumbai,19.075636624720126,72.8873842848917,77.23909989428513,29.45235362311169,39.47517264254557,66.56200953453265,30.59549413318349,67.18672836995393
2025-06-04,Mumbai,19.050640203323912,72.90961023176743,69.48611608583282,54.58831674440095,49.327149433257944,16.446629201643155,29.09294236262697,36.287220466727426
2025-06-05,Mumbai,19.117731357546226,72.8413818630919,58.88349856349931,49.31008146326017,42.66551501399881,19.969834619348482,45.70296776508945,49.15878617925735
2025-06-06,Mumbai,19.106656114786144,72.89357833667107,72.50883231823356,46.88770118842655,38.94751432812029,15.085585997260129,46.44427328698879,43.115315307446664
2025-06-07,Mumbai,19.044057534512735,72.88449452305527,43.784151893876064,55.797292799993556,39.406672692150174,50.22251046058936,40.42477564195692,40.446342092436176
2025-06-08,Mumbai,19.057910047324327,72.91059154741507,61.44181165411475,33.06587066942436,33.482556588515266,35.36241814797041,43.33200657450569,32.818770675047844
2025-06-09,Mumbai,19.059987496376806,72.90017667715288,57.196925337579614,33.40403412588738,61.704668265306,42.94832164767362,55.477668092029525,17.71659440444542
2025-06-10,Mumbai,19.11459777482362,72.88928631881824,61.23425983913136,55.98220562598027,32.24067324849442,61.140211602783694,74.48347185428875,34.55742159340512
2025-06-11,Mumbai,19.113367711418633,72.92610834691993,53.31746217898842,61.80076715676552,63.693582185960686,32.15709959270097,33.69719774356214,35.773230867092394
2025-06-12,Mumbai,19.061462215764077,72.8564238991654,44.93788849871898,28.483036523438074,39.47972668919828,43.51322098804781,63.25750739221115,25.024689388918134
2025-06-13,Mumbai,19.047825388786507,72.92269611839502,74.76483597714875,36.790167336617365,39.25804435521351,50.122292382499054,23.159169676565522,45.736146192760756
2025-06-14,Mumbai,19.125116862613698,72.85086717013834,62.49678312319584,47.38676896012224,44.33752965861727,76.82950209866341,30.43390023623026,32.035045674972736
2025-06-15,Mumbai,19.048048620907018,72.84634382621444,50.439193090402235,57.83524796661328,61.30756371984782,31.438805593757856,27.51466640343657,47.07123334579606
2025-06-16,Mumbai,19.107583312499063,72.85014405718367,63.0438453127695,17.263838275041522,63.212578019950925,66.93816509643283,30.808169642734207,34.18447660096024
2025-06-17,Mumbai,19.114874807986897,72.92326514982298,64.28798086087357,45.01685184980538,49.878164090092454,70.15306808149525,37.34579158758926,28.025541331923193
2025-06-18,Mumbai,19.06326885170123,72.85367537837604,59.503095406893046,66.91836795276681,32.235830514457426,43.35681927458348,39.753656558908716,57.82589910172126
2025-06-19,Mumbai,19.074058657732664,72.88694077846596,52.658408362226666,55.66241315603608,50.22837234439467,67.7006098860405,48.75892277988946,34.610618638194104
2025-06-20,Mumbai,19.105742602160692,72.89354518346585,72.30723271796046,47.609110466609465,56.00012034383731,57.53943385668509,60.732384865562906,49.73064831384464
2025-06-21,Mumbai,19.041860510529308,72.9157870759199,57.493228795247184,42.20070529649984,58.09763449762535,27.74596493519146,45.53009963309352,34.09991781508959
2025-06-22,Mumbai,19.109213417795775,72.87844677337608,62.86648602029855,40.69654822234223,19.60215788530121,51.193803490408314,49.68226271711613,72.4488208495819
2025-06-23,Mumbai,19.103984539515114,72.8383980638827,63.74075525566133,63.661799196452115,38.57056701419572,44.185322886555085,49.11844764574809,42.79913684734537
2025-06-24,Mumbai,19.036250972799067,72.92142284872365,53.30349578174208,42.911349893474615,56.104476247896585,24.602270508834096,41.99454511220314,29.498187775912402
2025-06-25,Mumbai,19.060588305695298,72.88979155177675,51.61617229092617,45.658178125967815,63.482860438515104,39.01374608390518,31.672007099602023,68.21735604160885
2025-06-26,Mumbai,19.053362666628168,72.92741245001578,38.279791493756335,7.017910650698774,46.60021675079999,32.46918663471083,24.6815077430393,50.6253467094903
2025-06-27,Mumbai,19.034238104561584,72.89574993020747,40.79543401993658,53.08685992420217,49.753017669379915,38.51236204330926,67.69955494071499,23.948728505107713
2025-06-28,Mumbai,19.06575943979628,72.85512152023487,59.31620975466753,43.65009173984038,36.38145913215505,45.28083094771445,21.22690863714334,61.65646906109889
2025-06-29,Mumbai,19.112435824983965,72.87502099066916,65.14088019566556,46.85129828730676,48.546509203483055,46.715628400259725,49.64084139801316,59.93728795198647
2025-06-30,Mumbai,19.039124487768238,72.83095261794912,62.94781754552205,50.63505636382769,38.6539645856916,61.601758231742096,29.854115469110955,67.01410649366224
2025-07-01,Mumbai,19.046052472670034,72.87685945467415,61.92156622366184,29.78422513787679,52.60965323483086,30.210640310464136,33.307248501778304,11.656889035817034
2025-07-02,Mumbai,19.02716205399081,72.83494468877946,53.21540521126385,3.6418101005656496,16.24145764771415,51.40621984216446,51.787002379762484,46.38186342677447
2025-07-03,Mumbai,19.103985098889336,72.83166188253485,45.495357853061805,39.2843296578703,39.945961913641476,22.624529662111858,62.55097452650726,53.16043435863507
2025-07-04,Mumbai,19.08196486834869,72.82867708474193,63.125742119213285,9.373976973635642,36.29233926219105,29.77023628003302,24.975699851576266,35.78349560671067
2025-07-05,Mumbai,19.082754084826156,72.89664649691373,51.432315153258045,48.58874172034238,60.99033154879003,53.869505243691535,40.89445554880261,30.29594833441639
2025-07-06,Mumbai,19.09690605194509,72.91479691237461,73.42789830041599,49.52757702522954,55.743290729790026,31.971471826591483,59.76091098451489,42.96399407038599
2025-07-07,Mumbai,19.07123182845183,72.89205776951965,86.03945704747875,42.96866175193972,30.228729945783275,32.741712489185176,35.1947903770852,46.36248919602875
2025-07-08,Mumbai,19.123586525581914,72.86138957917711,67.8425323205325,31.394499940921314,39.634681116085254,72.13405537917795,65.91314755151066,46.54485504511048
2025-07-09,Mumbai,19.04884547413313,72.92733339160569,60.570052172523006,41.80046990077392,49.20276959095625,24.658111522023916,36.139351938649824,14.971238891836158
2025-07-10,Mumbai,19.11282725054084,72.90041690697663,52.75220306550939,63.60980144935049,21.613515054964882,18.034376796852698,43.36677727839958,55.70647453918232
2025-07-11,Mumbai,19.06986154191896,72.90022576604152,76.18021250146944,39.422372957489394,37.41059050088771,53.25489906230008,49.78484317620129,16.354117645236258
2025-07-12,Mumbai,19.11723633456167,72.84876621890056,82.14810524588844,60.70137031221177,30.616559477357058,45.93705300156114,47.41045279424108,43.910106487358604
2025-07-13,Mumbai,19.043968310887024,72.8514543324924,59.61668893512832,57.59093528889047,48.15400231891648,34.44078501870841,51.57548065972517,0.0
2025-07-14,Mumbai,19.061923336939977,72.8869950851435,54.563385878953014,23.20495158060784,20.579777864186415,57.41240181067779,32.98448198032163,45.197558225960734
2025-07-15,Mumbai,19.122982104507855,72.87307895413836,61.15232836590383,20.755116637171454,54.9440022917071,32.593651252580315,16.651271520103734,33.578272585511314
2025-07-16,Mumbai,19.087714498660404,72.89837772168855,54.77021798388211,34.76113443522357,35.17547423173926,71.15121975341262,45.7290317834733,46.45062470786604
2025-07-17,Mumbai,19.084535436439676,72.91452712805133,56.11436781268945,37.05475226372533,38.92598110878904,39.44166645235238,50.9144431545547,40.77918828710949
2025-07-18,Mumbai,19.029934354066853,72.83991099140101,70.98960115823368,38.78925129837126,41.17952785474136,10.026989732018386,53.74491512053722,45.19732713846989
2025-07-19,Mumbai,19.071473985563387,72.87925960285793,91.32562057171091,37.90615557767239,56.622742251062746,24.401411093117037,49.191608575938545,24.198766552395156
2025-07-20,Mumbai,19.122991204610727,72.83709007157894,50.64346558956292,68.71047030800179,37.1397639885498,43.26149309769584,53.05101596033131,47.43522831958907
2025-07-21,Mumbai,19.120461421947404,72.89602480282898,96.05123377857413,39.13571804449622,43.016485700724516,55.75981594011418,56.58288899436975,57.805454583405705
2025-07-22,Mumbai,19.047567515239773,72.89358854702327,84.50147298451644,22.80481910471968,44.5395319785855,28.68586224970963,39.03792480110511,44.93143615455221
2025-07-23,Mumbai,19.113075345033728,72.90593854840583,84.20566903587971,46.803014522709695,36.33765047064027,54.46130752432536,57.842057333869604,21.585882772945112
2025-07-24,Mumbai,19.106784594194128,72.90392851347767,55.53654744960012,60.635602199674295,37.7491661945121,41.88364680207313,37.40392263574196,40.23368571372201
2025-07-25,Mumbai,19.058458582990028,72.86434615348715,83.91757594837458,27.295579775225082,25.129114758155392,7.699148295944276,30.415573784657468,20.153653098887524
2025-07-26,Mumbai,19.048726962726317,72.83501959237685,84.63022740204553,55.14725634013951,29.67774482233414,73.78653708016463,54.72648230487391,35.12752924737066
2025-07-27,Mumbai,19.07790817851362,72.87561818776298,39.15641299854606,15.319018795646624,55.338556480144604,76.59628609508908,60.764092277657774,48.45863680078539
2025-07-28,Mumbai,19.10729857387161,72.89951230762266,71.38392884680148,44.21787135954064,41.56301655927814,39.06110308150716,28.690531166999854,35.78987384699839
2025-07-29,Mumbai,19.074587175918634,72.85337765677205,45.17113339273624,23.446160241763437,42.698412267302174,60.88003429516899,53.774749090034696,16.442490945652345
2025-07-30,Mumbai,19.09761506742232,72.85496240007336,45.26268909692536,36.63050275004463,48.25078148536828,25.47483317704547,41.580632592189396,19.989617576226934
2025-07-31,Mumbai,19.096904626172243,72.83838769230948,36.105093997024966,46.607121069405984,39.70543301609978,48.28734931625722,43.358712010969924,60.46210644960766
2025-08-01,Mumbai,19.03034125328548,72.8910151375594,61.83446254548426,48.14947043554582,40.732901054885566,40.608875368058236,29.47012468289867,30.05648623673578
2025-08-02,Mumbai,19.0870980988851,72.86880284698067,41.34205146913072,29.606422033061392,29.22389101646204,53.42386565416662,35.57575482561958,58.716131090106
2025-08-03,Mumbai,19.092754989929148,72.83725353138347,47.46979420110364,72.17723691660083,22.186023714557308,44.64731065340541,49.50665321398148,46.20698646177247
2025-08-04,Mumbai,19.04767398000908,72.83727145555203,60.657172079686646,37.79496997557267,54.45818675192365,73.15784502387027,31.637623224882496,19.452955306313832
2025-08-05,Mumbai,19.08544763351862,72.87737668588592,47.944881480454036,64.58675208166102,65.1655122111466,31.69617637438008,48.534746187779135,64.42594934692806
2025-08-06,Mumbai,19.05341606665598,72.83564193689891,51.274786290770344,24.778649039606996,30.260836824009893,21.64089599856615,40.51125202388839,28.450401534120374
2025-08-07,Mumbai,19.032761256359223,72.90773565078224,63.50678867686121,16.66156530694559,44.96320348321686,52.50293442413387,10.093965361428168,45.61084854771358
2025-08-08,Mumbai,19.05930019130582,72.89464869551982,85.08858580256555,46.28528514049068,29.424822163623865,39.16346383513441,48.374903687825835,41.14008087118617
2025-08-09,Mumbai,19.043530294235765,72.89670048908206,62.54041236054117,18.794282546425297,38.33160907976949,26.44138537802815,28.967050861153503,58.54139762815656
2025-08-10,Mumbai,19.09249117244872,72.90724499607897,43.61530852991132,35.25387325457797,58.19646549968775,42.12575370459857,74.7899430997254,45.89976759091558
2025-08-11,Mumbai,19.034912443211603,72.90322704204968,62.00311357173423,37.712952454291845,50.621630150328855,54.35053475191876,28.21015809238076,20.031505696633328
2025-08-12,Mumbai,19.034764274676384,72.92139578230311,32.456919403450556,47.619869903688155,23.449500907391897,7.706641105712755,45.82867906796446,77.39499276149186
2025-08-13,Mumbai,19.11793919732144,72.87739634829059,61.22744037821347,38.51665520213286,53.786147244816526,35.64588183717023,44.010884711078546,44.8254670929402
2025-08-14,Mumbai,19.105003043630706,72.85816791390981,57.37560364956887,28.66382260760733,48.047647653556055,26.522980273134444,40.42271736053692,39.86321505033695
2025-08-15,Mumbai,19.090097207734534,72.90994805636345,59.624595618822845,52.266494488004305,60.8531132352597,48.36715459527793,40.15528929765071,20.322456514747607
2025-08-16,Mumbai,19.06586630277723,72.84233739921623,50.85731696761076,37.19543045521831,40.849748873456605,47.94539131535096,38.94251832911363,47.297524657393026
2025-08-17,Mumbai,19.057181613308526,72.87831418628403,45.90996909271868,37.83868666417577,21.854578857383387,48.998930949943066,62.96126248515546,58.28142777545975
2025-08-18,Mumbai,19.041202485312866,72.83383496271107,56.79835693604688,62.36089205274928,42.23001185803167,34.94371043322941,30.798960046885902,35.462954702678076
2025-08-19,Mumbai,19.095216134169412,72.83392917981301,62.40860971574797,40.04569030230122,46.55407254619525,57.859694121795116,54.24331203161986,17.726530473251447
2025-08-20,Mumbai,19.078704146391164,72.87030833838904,39.49681952376868,36.62851897160975,22.448304609109606,12.970293436299706,48.12194092307182,51.387327404539704
2025-08-21,Mumbai,19.102930489364134,72.82880312644286,51.35234398909921,1.1343656178263544,31.806333276212758,45.877060081038195,17.81632646838807,42.750398796687335
2025-05-24,Chennai,13.03391207746439,80.24482014575996,59.77035226240507,48.689372494016325,41.7937055262123,25.403965886776668,57.948572524967375,37.62205640459545
2025-05-25,Chennai,13.042508258078426,80.26952411370219,53.35076623212734,26.727959289596484,37.405809101148655,65.67562720213516,19.421482856029655,15.796579031848882
2025-05-26,Chennai,13.0786446768406,80.29920165438371,49.963908920101254,55.59857031094115,30.915766903947038,67.39014570320404,50.16888807008904,32.68132887781446
2025-05-27,Chennai,13.036542634896234,80.31087619921355,92.35962319898255,30.914276154949924,51.13143058013961,44.48938870609738,59.52611934098197,63.42266795090279
2025-05-28,Chennai,13.03936520405607,80.27254080219453,66.89958214408675,29.834269453718406,70.20080871289935,42.04802996624106,34.52017673031837,42.77020458797362
2025-05-29,Chennai,13.039825672776526,80.22191084752349,39.793105657054554,25.425789422340227,58.00620861916638,30.146585815429063,24.296335259770906,48.049791287909294
2025-05-30,Chennai,13.050110933533409,80.23053956497135,77.78556231994496,50.784299659976,54.940715287087244,28.64807367145809,18.672839998872345,62.5200047793323
2025-05-31,Chennai,13.053268726219557,80.23283864181595,79.92291212773587,48.343450141009896,46.83831658122411,72.47503517351626,30.347226544297854,53.917601921218555
2025-06-01,Chennai,13.130697032935887,80.28088815896363,82.92702639618798,47.61753634434436,48.07444118574449,56.087610059647034,34.52570905685672,27.411854989914904
2025-06-02,Chennai,13.125508364032607,80.2431615611844,44.327862089684494,10.504651159359973,70.84310694910484,23.451874514174754,36.68119564621342,35.84780050166619
2025-06-03,Chennai,13.121392490020927,80.28528108126552,72.90710232539618,31.25383842146592,37.49317429320383,44.2386992573245,36.2696331072468,64.1101836402999
2025-06-04,Chennai,13.116899855289008,80.29354906771617,69.94321903001119,57.60210786227987,42.7153233805556,20.547520780662303,45.99531927628962,30.229646593122567
2025-06-05,Chennai,13.114478532985695,80.24205113663108,78.57424607150453,40.319073651040924,44.63249518898446,65.53322416952857,43.61129769232853,79.02524671270592
2025-06-06,Chennai,13.062454845131883,80.27720219928591,71.30012431656799,45.71737577324167,59.34629131124119,50.097720269049375,37.92316024024339,21.635526455659512
2025-06-07,Chennai,13.03363316198271,80.24536788645217,56.86465114070962,27.242193186860497,31.29214825292916,48.82867606630914,65.0485675652711,45.920072947344714
2025-06-08,Chennai,13.09429854502602,80.23950247346154,77.94947229968477,30.853256435209268,37.989742499906235,40.22032292093795,28.2265253037664,49.72420650765788
2025-06-09,Chennai,13.128507348011938,80.25749407513021,46.6876173329685,33.438125495148846,50.83572036741657,34.4075027186235,65.90445776850108,34.005457215780964
2025-06-10,Chennai,13.121319578046508,80.28000443341868,38.724514006004526,13.587867820288363,17.11515528144858,58.93876155140773,31.722127811613298,78.37298928502378
2025-06-11,Chennai,13.096932552590523,80.2271853594483,83.13164928851813,70.09139332238684,70.92255364954596,58.12549345889714,55.360937887171936,48.88790423801775
2025-06-12,Chennai,13.059682072012823,80.30320494101801,47.72701674866539,39.94938313883572,37.447230662126074,33.201579260090874,50.44581171185073,54.32957812855766
2025-06-13,Chennai,13.11156149646724,80.27242690564417,42.87466328799742,37.095108110804226,29.247665190957925,12.0019507439041,38.75978971235951,38.17378737425075
2025-06-14,Chennai,13.092522529406375,80.29426631142393,44.63719763506192,67.81138849501282,58.31550543288029,48.731465552029235,36.60273851725252,25.608411449147802
2025-06-15,Chennai,13.116680228563563,80.2590832951933,88.26879458901914,63.14865292408284,32.667258673205886,23.205738500664832,42.113293703668056,13.473409516557226
2025-06-16,Chennai,13.062572557358878,80.31476792451154,53.00945247197637,16.07945399099807,47.704001598545744,32.009487405071326,22.45124746434568,0.0
2025-06-17,Chennai,13.046047997241596,80.22876015137572,59.58727642424046,66.58377395004617,64.91888821821806,33.14355615120592,30.966819094573292,47.031613841125356
2025-06-18,Chennai,13.093722514947766,80.23423540822778,71.49120417577035,58.403998358264616,38.49768885280071,36.94489374734551,26.830261198651584,27.5967946894021
2025-06-19,Chennai,13.123325458052104,80.24565461998496,73.70376939349875,27.952315739794827,62.39032853439282,35.93314598436147,39.67949058477346,28.79182481278265
2025-06-20,Chennai,13.03606136001833,80.22696532034554,23.636396095905873,53.26068094541574,51.0526584563865,35.780086643226795,41.00486075837308,47.73908826556149
2025-06-21,Chennai,13.12638224620331,80.2259257879286,36.56181214670186,32.06420983980558,51.913970194327405,21.18565865246126,44.40336898249944,19.651272930648926
2025-06-22,Chennai,13.079093248668835,80.31790053296317,35.77302276141736,57.47109031685757,28.981126348029264,27.846213444784283,43.008537958464146,57.22956024143073
2025-06-23,Chennai,13.085039091137437,80.23217688718692,66.4322475049586,50.39658410894716,42.64662332915838,34.494582413750166,27.586146690269203,41.292158245695624
2025-06-24,Chennai,13.078530064152867,80.26916962871302,66.54839706236501,53.55902261629293,4.556013466872422,24.854039429350937,49.287313915077966,70.86243204567548
2025-06-25,Chennai,13.038927310588189,80.27195026487703,57.256553383427395,60.623146287222774,30.31053731313197,28.012119900246198,32.758847167269515,25.700070876119312
2025-06-26,Chennai,13.108375150568865,80.2726385859504,64.84618909674043,36.21469746810568,35.62283096626684,16.552137869550144,53.246646657207386,38.83244204480797
2025-06-27,Chennai,13.086570179795272,80.27048125080343,64.48129362548529,28.723134248572237,33.60463605691685,57.22668563795132,41.69905615806647,18.4258303252395
2025-06-28,Chennai,13.061413795808459,80.29998544190339,88.09946664326318,56.20072098571973,33.29017156511873,59.2152454260267,41.01783265791105,52.79160512683329
2025-06-29,Chennai,13.048495482283535,80.29028991181688,50.346752515238066,55.44941226371742,34.97837001840189,33.94527305137005,25.673161309759706,46.353985983901914
2025-06-30,Chennai,13.076732341836836,80.28222980250699,60.36329185009137,61.18330833123144,38.805379131314275,46.78557694374601,24.064097077796802,46.42460645811473
2025-07-01,Chennai,13.120892775830466,80.26344896879206,77.81079077347127,78.84345463027921,48.69449759820363,44.886944748732496,42.91576452366004,34.702505607839676
2025-07-02,Chennai,13.05144119440976,80.30651770531573,62.52691464404421,59.7639630341194,24.901861520805383,57.09817841693568,59.75672601009798,38.22897209513382
2025-07-03,Chennai,13.078626519717321,80.25647982653255,79.45491819841664,39.656979065516765,25.01046651557634,32.42837618157674,52.6093003975683,48.20100352302069
2025-07-04,Chennai,13.042763747852355,80.2446874112756,54.12362776434267,26.163847232522464,64.23063534204162,35.1651929618299,58.257377812382444,62.819740778836774
2025-07-05,Chennai,13.067937494660967,80.30484475530848,66.05595135504915,39.63706590413626,26.444472089048077,44.865389225824046,22.314403132602962,57.815190826923455
2025-07-06,Chennai,13.10133271966861,80.22766411481625,64.24931807319213,36.11642539443884,48.80040702212912,32.876445150662136,53.06945946185866,19.810304796298773
2025-07-07,Chennai,13.102115057350984,80.27196547531452,44.995030130916376,29.833825442127228,47.708617744883725,42.69372672909397,45.25945148910339,47.337806952214954
2025-07-08,Chennai,13.111544734325332,80.2871984903476,66.14727985392769,36.38113518072186,50.08860551804097,68.49822902342824,38.010493804261394,25.382060429940378
2025-07-09,Chennai,13.078735827120193,80.30715636095228,27.409956809789456,52.711325157256326,31.97007721069116,38.64200076543759,44.979704958535216,42.857495196685996
2025-07-10,Chennai,13.06070373295505,80.30653416767991,67.69658697264124,36.106799836241244,51.08215721331254,49.2305122601958,25.96841946933107,56.289731742625484
2025-07-11,Chennai,13.115639466485886,80.2488521198415,65.50930970102011,67.57275515192684,36.64801026442222,34.760248058227035,39.708705911684014,35.452303257485866
2025-07-12,Chennai,13.062826526076002,80.28053574842978,44.194763712804686,23.982956176312104,54.25461387960364,65.65920058872888,38.433261721937924,37.46767415214984
2025-07-13,Chennai,13.11215782787002,80.22416702667266,61.050782446697724,57.42817453912286,26.089702987141386,43.57553474102178,54.62796444673644,47.51641254909768
2025-07-14,Chennai,13.120597890028227,80.27787723520484,19.451515605011444,50.16812979296361,30.188864753088644,12.540506547153146,47.66803899287471,60.60487817744436
2025-07-15,Chennai,13.121952328995485,80.26503800143793,84.18417386982968,59.72371680376071,64.59946794057089,51.13191236607838,41.13150458352389,15.970512821542474
2025-07-16,Chennai,13.043122480280836,80.25915113276449,92.5641407624672,37.36171281351495,41.848072101767286,48.272280640607015,40.654036695586804,65.4257656064613
2025-07-17,Chennai,13.096110403137635,80.22779322161338,48.86294121452927,20.199662331689414,30.82346363642072,39.44444804427382,33.5604666322411,29.61368530189216
2025-07-18,Chennai,13.129853269090106,80.25383470071031,38.90523804492249,38.75341641056958,17.429194389534967,51.40083945534404,41.23659629401755,18.13672750802604
2025-07-19,Chennai,13.033250579916043,80.22146640326493,55.36186384425205,28.717653916141252,44.78761765628771,60.10675669034717,11.87241295531383,41.72539118721126
2025-07-20,Chennai,13.125875371943282,80.26040150412372,63.19794942356533,28.720460023917713,35.214190965000725,28.059612147947664,56.14010707897897,40.319674730079136
2025-07-21,Chennai,13.082054658034012,80.29092587660317,49.37389849634306,17.29428411080759,12.952904856160824,16.237960854917652,44.00689976517225,47.63087534844901
2025-07-22,Chennai,13.093490521409072,80.25163727178628,52.75408422474841,42.20189517978324,64.18330942383136,53.452589737982976,35.97204028141252,26.632116618770688
2025-07-23,Chennai,13.078323650895555,80.2576053021761,56.83304641758458,25.192307092732243,38.031145493615426,41.15277824438152,36.627160272878825,30.249961287648105
2025-07-24,Chennai,13.126872571161893,80.2875572646723,43.64401383835731,61.16398569619405,38.521178015736076,40.28274434417271,50.62321634884836,43.49824196895253
2025-07-25,Chennai,13.093957346834483,80.30806985934665,50.81343938039343,45.42255287809152,22.844106890190073,41.62839558664785,39.50155014033309,36.8782471409119
2025-07-26,Chennai,13.062204070765416,80.26930004937977,51.76912638388558,41.39267351711672,42.397845879961004,24.584872886110627,58.985617612970515,27.007377276782485
2025-07-27,Chennai,13.097929164859195,80.305260436299,50.30659035234295,66.62966338914268,22.095447523652798,53.787312604150024,55.00873477064467,29.940696863850327
2025-07-28,Chennai,13.07734195164016,80.30053803405184,64.33040443919785,43.90482758156831,37.98536887794178,52.16212409739673,51.902330808283196,13.772020401427287
2025-07-29,Chennai,13.069817242343763,80.28080741668003,75.48819306512486,56.90057705241375,23.635503546772025,33.83778568068123,23.414429972710963,36.77618454566897
2025-07-30,Chennai,13.121709703518382,80.25528774607379,79.65463119179412,60.93525716184934,31.567479601325466,36.86167189383208,14.748427116685747,27.91194900255717
2025-07-31,Chennai,13.100412063973502,80.28127792494527,41.48476692180117,31.113036112706588,39.603913645616096,44.2024173822941,27.855947201175308,46.36091566696135
2025-08-01,Chennai,13.08125896996594,80.22345367198695,68.19426372005549,40.09633404716407,33.45421164210147,38.35585294111254,38.67455561191997,34.449834551768085
2025-08-02,Chennai,13.04870249364632,80.22303520963283,56.11805905999346,63.979707557570755,48.41379171911858,35.56779522956259,50.45431606766103,34.99270765365985
2025-08-03,Chennai,13.092994287647947,80.30337073597416,58.39046783993657,46.715753887154165,16.43685771897251,23.09848796635292,22.09112490401417,42.1441464214556
2025-08-04,Chennai,13.088071148535802,80.27487048124101,69.57076652161136,47.51266712416685,12.984133987708915,31.859893003989676,28.183243721376417,30.68728602623326
2025-08-05,Chennai,13.038464758219904,80.25494479788348,30.310502844363185,51.21865384176301,23.908854613902903,43.588702961667245,71.1112400462496,26.209231126203647
2025-08-06,Chennai,13.081589783179245,80.26087788006544,76.51439452497857,69.37521181330891,21.55675608321375,47.45048834854782,33.0203431482992,38.410774685437964
2025-08-07,Chennai,13.080254603748683,80.27500245839578,63.8060949224186,47.0153975764815,56.286794874090205,41.46974730206343,44.62075809256154,34.125271488673135
2025-08-08,Chennai,13.045182081396685,80.30012106625495,69.32357834784077,34.45584495934549,45.65650590853279,39.56105779472532,56.89075376158252,39.229094146172706
2025-08-09,Chennai,13.091573152213133,80.25823299079197,46.414015487060716,30.193504920267703,31.065080589347616,60.61657139756226,7.964886790319568,87.0662280048999
2025-08-10,Chennai,13.090427902923315,80.30725771456245,59.1765899907557,44.28331112286485,47.81683642569008,49.678233789250854,48.334066990051724,41.34371021882873
2025-08-11,Chennai,13.052747451552841,80.23162642103097,57.07637579470978,57.00655145300597,48.90335083421293,0.0,49.83851164794642,42.92104292078162
2025-08-12,Chennai,13.034611609442978,80.26838434683178,76.86169079979021,54.21289693184287,28.40683498264586,46.105784306868024,25.42514898188071,19.30572752816604
2025-08-13,Chennai,13.113143720767951,80.24857598724147,74.2968756806413,47.69628130145939,50.87643680271996,47.742674306724375,30.377776071655717,46.47883817010911
2025-08-14,Chennai,13.108042792225698,80.29759227821077,77.83370057211964,50.624557708015956,45.27172311312374,56.052253574746416,39.6021811112641,26.771880231584234
2025-08-15,Chennai,13.040464933467161,80.26145430310325,49.87232587538428,37.83221993926723,28.11370118500058,35.38057705541439,11.595779995693213,43.19940561059408
2025-08-16,Chennai,13.040386207527618,80.27076242680705,69.88868502648607,54.06355206439838,15.886602034465387,28.559128321506787,28.462864753190527,25.90145348336703
2025-08-17,Chennai,13.113048274329689,80.3136228053632,72.44212262897622,37.09260791840795,36.03227738034084,9.942064533898698,49.5312704531384,21.41112407719791
2025-08-18,Chennai,13.130598111517482,80.28104930960434,80.40987893757976,20.36769401321332,0.0,42.75774317130542,67.0076677226628,58.58419529409156
2025-08-19,Chennai,13.039877580622653,80.28896172212235,72.10683894955966,25.396807004432972,47.14536654034329,47.5820523874994,55.90314861248319,81.39490058366616
2025-08-20,Chennai,13.046987596133942,80.29823461504031,59.616385317120084,13.463861426663225,29.579303033664125,33.86076342830344,32.138674030981115,42.28532308050583
2025-08-21,Chennai,13.107564523412622,80.25245867952611,60.00310597377295,39.860495182920786,35.081579252306234,42.32786025788469,52.37647397001452,26.993046764336498
2025-05-24,Kolkata,22.55422701497293,88.32408923880661,39.811936147901775,27.711132104177533,32.85668689683011,53.11583771069091,43.938419935028875,42.90384867051316
2025-05-25,Kolkata,22.565981741957653,88.40489431438544,65.85697274893334,38.451673706012556,43.980435240994424,31.25862013582627,3.4177426258535633,37.985812567205436
2025-05-26,Kolkata,22.58587118787486,88.38428570916344,74.48096226886756,58.54196082709326,41.32986386442156,42.959735611083936,30.735221568484747,35.25890715959425
2025-05-27,Kolkata,22.600782386334494,88.3783149221476,57.90830586478501,33.24716102722883,40.00791938284896,49.01810123393672,18.342177757996872,5.557285702941428
2025-05-28,Kolkata,22.543488272400516,88.35077071708648,52.37789703529034,37.78329521773793,33.2012738646548,61.787013017061184,44.9011714690348,44.507115394162426
2025-05-29,Kolkata,22.543799405469866,88.37963534821701,75.58667681130403,38.863535701968104,50.05720925861819,23.92214150439767,16.693618509759034,52.26834487037543
2025-05-30,Kolkata,22.53626009036512,88.37906397604773,46.95505378087958,56.88152176622154,22.15882160699008,64.64009429883944,26.49068898028197,49.57587888412574
2025-05-31,Kolkata,22.61162150026362,88.34264095964656,51.838289968287114,37.558106408915584,40.61378763093582,24.96718816327791,51.11236518130189,32.30179650292622
2025-06-01,Kolkata,22.5240693388655,88.3518094048672,56.571001269899725,25.084759380872317,1.5649951180703425,37.13458356099746,76.18923132419374,51.769064318470356
2025-06-02,Kolkata,22.523592382112785,88.36030951594535,60.33698839218069,48.20678672762815,22.287807770367326,56.71482542003308,50.73071973161866,50.772785885619015
2025-06-03,Kolkata,22.574729604765416,88.41150138232793,70.09291853950229,48.87721200612067,34.68938933588464,31.395973406546485,41.527844428929804,63.23530227242781
2025-06-04,Kolkata,22.55740955931683,88.35107392949064,62.47141261854775,40.76331552784027,42.60012496555612,43.659297968627506,36.65196618047792,62.34795157903123
2025-06-05,Kolkata,22.562400529295452,88.34419157288332,58.45117859776429,15.352167832687492,37.362183933518935,64.92205248592028,40.313297324439425,43.460513585780255
2025-06-06,Kolkata,22.618876835025322,88.32146050406168,41.097528522411295,30.754578879407838,34.37205429514094,35.23427354865649,59.22465692505653,48.36536591087687
2025-06-07,Kolkata,22.58042983994204,88.32859627095883,67.47332622745178,57.102235577819,63.708110298525604,24.773587122581972,27.83713733184493,21.136332116280755
2025-06-08,Kolkata,22.614348584313202,88.34295045056714,74.81001774883653,38.86073464536216,35.202287151177345,42.27636988373111,27.472856475549655,71.3430808254216
2025-06-09,Kolkata,22.53602748509023,88.40969341210568,35.885084593229124,42.77110868343587,70.35409328844459,40.10199766839997,37.14941447497758,34.63831865784359
2025-06-10,Kolkata,22.6032965490884,88.35986648704026,26.822071330057398,63.00150551944488,18.640642713247825,36.00021506148378,33.56133369552008,48.828299046560794
2025-06-11,Kolkata,22.618662697551322,88.33359257044535,36.02813472174378,46.93258999122914,70.36464434930278,19.552389931107843,42.84559251415593,30.070267333050865
2025-06-12,Kolkata,22.62071778367623,88.33291076497838,66.38830809289554,40.28721666123628,30.377696364335357,47.31808427306611,67.06522164680115,37.13644312409052
2025-06-13,Kolkata,22.547334031581908,88.3779615183549,45.65345434772987,47.08609416820566,62.261740428039474,45.3342002317849,35.30412954215269,39.98937108135031
2025-06-14,Kolkata,22.523503846907932,88.349602934397,41.243883990454236,49.0677298953305,53.234995934851135,33.218645007503795,32.94936778360748,43.98817344478073
2025-06-15,Kolkata,22.565470202098645,88.31681697636452,91.49582683749773,36.29461448881005,34.62489771968167,30.286872915472614,51.16287957249905,37.28163740172845
2025-06-16,Kolkata,22.621925501542297,88.31839112989957,50.25940442517861,59.81956048409518,61.29404506770456,30.993646513919423,12.001900729590755,55.11270534755383
2025-06-17,Kolkata,22.60135490858588,88.33900013832623,30.448442734322466,53.38896007448964,21.83242106078828,50.96146178599787,40.21409601754651,25.690908709050326
2025-06-18,Kolkata,22.544685278296303,88.31779299633257,53.894455306098294,50.294776854350516,41.58841679672852,48.766194707087266,69.64660876773229,16.53637582433423
2025-06-19,Kolkata,22.57426983852263,88.38977762537573,46.51823927515308,20.04529561391515,37.163194138344494,53.82475167886689,38.08676319433699,62.66732395371021
2025-06-20,Kolkata,22.572353985214612,88.33436801090573,41.214098333803214,45.45447823937452,53.30331085145951,33.6885730947842,0.9367921505929857,42.98422220194742
2025-06-21,Kolkata,22.603687858100795,88.39748259279105,78.53673287733231,23.934194805264266,50.20324158175674,57.88761268716962,13.321186239902246,44.79477738878466
2025-06-22,Kolkata,22.56512281854377,88.31765710903989,65.21514725307505,32.691571538296714,29.864378812575822,40.512286262320366,23.69131091705796,23.71262306672222
2025-06-23,Kolkata,22.545641666211736,88.31404738220863,70.19059924434755,22.768089472620158,49.994687513638176,46.938869392809266,14.11289906814105,29.836530214965173
2025-06-24,Kolkata,22.555129513402303,88.38516213330985,53.033936065359185,46.93091339877844,51.75085763923893,36.22691670933256,31.037347079625377,61.33554792547761
2025-06-25,Kolkata,22.581663783399463,88.38000142542474,61.27977213847536,27.876014175386103,27.543333901651522,47.837711578986365,46.275973313330255,61.023978894196446
2025-06-26,Kolkata,22.61782217856976,88.3181422298207,69.75675138804209,17.45379547360273,55.77921426584378,25.029090590283808,34.24043092071473,43.75300309377542
2025-06-27,Kolkata,22.57398544642068,88.3647890555591,69.10084588704274,37.25205071919418,48.01758472720825,53.31483138810754,35.189985616642126,66.92817033868484
2025-06-28,Kolkata,22.614699452109658,88.38335954272533,69.98886378081693,46.32379915921683,52.58410750704418,30.741202201796153,31.625473690809542,23.497686505424575
2025-06-29,Kolkata,22.556161045426986,88.41175254683891,66.59251845930339,51.68404755268171,46.866592992278285,65.11738650021306,39.9160597175643,50.03112483388769
2025-06-30,Kolkata,22.56065177098699,88.33020353369317,70.43306636348666,52.73653166114716,35.59049578503726,38.926011222129,17.23189379978786,34.64456198790086
2025-07-01,Kolkata,22.59308710100434,88.39561281420156,67.50998582071814,40.746605307714404,40.105947379422645,30.095182907898295,50.482426303038025,46.314594165840845
2025-07-02,Kolkata,22.54052556119078,88.39390034817637,27.699856201931333,56.45729067630543,32.81743815987394,27.05836353935319,50.4021836787099,34.11981040121306
2025-07-03,Kolkata,22.58987029942089,88.39356813971914,70.25353984800716,19.510664331991986,58.179159780796006,43.91875796850784,34.460842911306955,42.15082701013377
2025-07-04,Kolkata,22.577485866507736,88.34266327290437,44.559427377268925,19.709945712346983,17.164612206731633,56.69032562484888,30.56104909460817,63.00591564874749
2025-07-05,Kolkata,22.529435320031,88.39227598424841,51.96297805421553,14.3896306361058,23.252133400770113,58.537174300104084,37.66152733094999,31.775690552640988
2025-07-06,Kolkata,22.61704485826943,88.37807343972986,76.76098223853691,61.72748844839389,34.60347031316371,20.109284708769426,33.79802258315086,43.90420759874329
2025-07-07,Kolkata,22.55038527760897,88.34153191084658,65.15681822324828,39.270214726443236,40.4919549311738,28.62256997949896,36.54398928691349,26.136502835975435
2025-07-08,Kolkata,22.596388498483464,88.38435544280274,32.307182066428595,26.05733709711385,17.552061173648813,30.249640983896526,38.748430453144586,18.25532170452205
2025-07-09,Kolkata,22.549453375606763,88.34264616648973,63.10900994098416,41.04016505554375,29.1739366999412,42.65231308209097,31.799798731191018,35.9251733451092
2025-07-10,Kolkata,22.58250445871504,88.37626487782903,40.506281446086035,52.44598626818762,52.170948317373885,22.776050668710724,52.28166465632291,63.06897877618829
2025-07-11,Kolkata,22.553890739421366,88.3410096253764,75.26492200265254,44.07242966238472,48.27214412859285,45.10883824600745,45.86043881392216,20.102918075333754
2025-07-12,Kolkata,22.59271395944175,88.38191118854469,56.559138838979585,39.34784575279206,17.03338746166417,47.71382134026752,48.58086162571216,39.067134745010335
2025-07-13,Kolkata,22.562503531764246,88.39788016066645,68.469088888404,24.705034919618264,39.64671773688643,37.384686131457464,43.37961883061412,34.45709606749962
2025-07-14,Kolkata,22.61405486638486,88.35730209727087,53.44853644142674,15.90134348891981,66.24375856308131,60.7218111803573,20.616059573415722,50.34561707867792
2025-07-15,Kolkata,22.594005272337814,88.32303914863319,64.4133619352024,36.48388299525517,28.243515016204054,29.64188421525611,26.257121267781365,27.52266687654333
2025-07-16,Kolkata,22.528852629574285,88.35979405165968,70.2307809856893,62.30869233003891,31.299201379449357,43.591067508030655,47.49527665454401,47.080034063789114
2025-07-17,Kolkata,22.61587105081328,88.36832539661137,67.23373429020985,21.43506366509053,53.0373409658391,53.30936255900113,28.550708437321276,40.56906753171403
2025-07-18,Kolkata,22.559711293843016,88.40597666084633,76.09467071649019,75.45808741929042,28.210209510475266,19.284330952693377,44.55727893407314,50.823437576892154
2025-07-19,Kolkata,22.601338702675235,88.35933454230677,39.92091300415127,50.393779345474165,30.9120876886166,65.79066859310944,69.88773029752177,28.500151183249784
2025-07-20,Kolkata,22.616228062146895,88.32030063466087,51.7566429613713,52.89381830469703,34.19304025315728,39.318831731016424,40.38082630813615,11.204902657035156
2025-07-21,Kolkata,22.528217607734746,88.36300957293832,52.60315766400342,61.65448005203221,21.152396585811154,52.19807780121966,35.81555604502287,35.80359747256249
2025-07-22,Kolkata,22.529649194564314,88.33246467049013,71.85557844077567,45.10076941853336,48.55919495829296,54.52276990799292,35.030374252250155,30.816448982383747
2025-07-23,Kolkata,22.55358068753225,88.33889569463976,104.23641637963088,58.6701937110518,19.73388450687968,20.163130648846447,47.22799092577737,48.2089719606695
2025-07-24,Kolkata,22.553379583168077,88.40527884438733,58.118186099956496,44.91819286239036,41.28839509439996,6.710494408786971,36.553005541372094,27.228903486095298
2025-07-25,Kolkata,22.57793711897498,88.36421324725515,65.51222498211456,35.297054707414034,53.827022529658784,47.24031830813819,46.30141735677762,49.10275889823507
2025-07-26,Kolkata,22.566521060124973,88.37495467550154,67.10448115217181,26.104283050276923,48.33268969513372,26.219702327708582,33.73949779592373,35.57365128643141
2025-07-27,Kolkata,22.539128449014296,88.31409921352191,74.63725079017064,53.77681665913621,21.314239353304234,40.824011664997734,29.356302178762412,21.122426339869982
2025-07-28,Kolkata,22.533134548448135,88.33613613047481,96.40074729518284,46.49439738041044,19.33573748868644,31.52838993743587,55.32074943144097,71.32664159304888
2025-07-29,Kolkata,22.564177510352334,88.35679443334301,88.06447763057673,45.84421266056356,26.975609021854503,48.01943629183653,0.4637839147468341,40.050632598957414
2025-07-30,Kolkata,22.609652696626938,88.37704189212184,44.791560715611936,41.28530742105038,26.11863060910619,43.830756335114756,26.569805164554637,33.87848741259669
2025-07-31,Kolkata,22.59180736470244,88.33452521138362,72.87676674984998,36.480691450638794,40.573569924400424,18.271128780496838,35.50485027989819,39.24693074437383
2025-08-01,Kolkata,22.60187581135728,88.32080459063147,99.31189636544963,23.320494613387545,61.96265858128656,54.952881601987116,44.20954606735204,66.379307262927
2025-08-02,Kolkata,22.606211770320726,88.39603883629007,59.20319020473682,58.35353323627941,56.447038507163256,30.614840687556814,20.211292081018488,36.955290439065145
2025-08-03,Kolkata,22.608097401956147,88.40215598767723,47.99942153403531,39.04713138076967,58.56157202026209,33.14047517369815,39.35764928032638,40.87034102212593
2025-08-04,Kolkata,22.529297361202527,88.40163504531328,72.72646323307927,6.296659990230921,30.89949557852055,43.16925538419209,58.00118434640292,32.621463287406925
2025-08-05,Kolkata,22.565947223275565,88.4136182353903,31.85170940937189,49.295671689492046,30.46956416761556,22.15500011364458,30.63481915430164,37.232119635162256
2025-08-06,Kolkata,22.559557419942678,88.36032385197392,73.45599295330697,59.12312561918083,49.772829870092586,22.93471494362775,36.97762699078723,39.90218027155813
2025-08-07,Kolkata,22.603049464243185,88.39118095732904,48.987393018322564,41.22993334620341,46.85920606922862,61.8373348322015,50.56759809737085,51.835850310632786
2025-08-08,Kolkata,22.602900207195784,88.36570080664046,66.14644193939246,27.083681347396443,61.050549551877864,50.46854908808541,33.354339683072766,32.80760548901135
2025-08-09,Kolkata,22.611640951721935,88.38889777984521,62.9593839844681,44.66963010164327,65.49936061864571,56.073147283523284,42.85953386897536,54.11965871151225
2025-08-10,Kolkata,22.58583913243284,88.32954767160037,87.13959524599665,36.729311569114394,27.28549107071373,30.21866667110409,23.655504439864174,28.22857137808445
2025-08-11,Kolkata,22.544091263703642,88.35638508428681,60.234275009244044,53.53415760679971,26.383657297796194,62.78925885462653,47.66188132791392,55.45870878436086
2025-08-12,Kolkata,22.602224145054137,88.34109460394184,43.6209914940703,53.35371251254763,42.577590096902966,48.29876829977175,22.366080915627226,26.57395236585093
2025-08-13,Kolkata,22.541692658507166,88.38336409588938,66.94809438148684,19.492932903096314,52.72261319000002,21.512150278472365,48.28449906519285,49.38446400469002
2025-08-14,Kolkata,22.59868513309308,88.33267224056922,63.90663395000334,31.917372157108925,24.871679738856876,10.560614624911313,45.244750709495406,16.52795842956917
2025-08-15,Kolkata,22.526497932066114,88.38058473913057,70.18714163157293,35.469317507652036,35.05828320479363,50.97806056432444,45.02587043626176,44.74233935774167
2025-08-16,Kolkata,22.54750087361091,88.37157023988577,71.35183019980472,49.187031910204034,24.749753071352544,36.33879289488698,39.41039068558553,37.98254823397401
2025-08-17,Kolkata,22.600973825107523,88.37051806912251,76.22650091509243,20.316712098528907,49.33104985459073,59.93399979303115,45.80212781033804,56.3647063777895
2025-08-18,Kolkata,22.578939535071264,88.37636140481145,63.739628934625934,55.676327111271306,42.173317496453365,40.35854564927433,34.72878646429401,63.45120038248162
2025-08-19,Kolkata,22.593339700003295,88.35282304716918,67.49796185610558,19.01040737797088,45.51473939487133,8.49960238522564,49.382620252465536,53.278472244834866
2025-08-20,Kolkata,22.581915821903948,88.31923479969889,89.31236150625429,32.41379943607095,24.11638619415099,62.22495103693898,69.43880785796192,40.05543507771771
2025-08-21,Kolkata,22.59231358058918,88.37876389567688,48.86273651192424,32.72041246948198,58.463117697321024,65.27521418062764,48.44321290261532,26.802784697469185
2025-05-24,Bengaluru,12.967117199173366,77.61137605916032,54.97293328242822,45.135067517344325,63.31240631072161,52.80963964828335,46.222982505428654,46.94932795177159
2025-05-25,Bengaluru,13.017692014692884,77.59819350788521,22.056598834585458,35.55088811395302,43.61982902375171,22.734788745707394,45.7948497671734,36.932931685208175
2025-05-26,Bengaluru,12.97991908042771,77.6038840180508,53.012916463227555,37.73743432649957,38.89078651587411,33.22510785760566,42.9253747604219,28.625768966686145
2025-05-27,Bengaluru,13.009697300563966,77.63289148165187,43.04076997593711,49.34066835850403,49.442943763327165,27.935263605100115,53.430331461438996,30.52633406252003
2025-05-28,Bengaluru,13.02132378999036,77.54760260053294,63.797478570569716,52.30516018918684,39.4958115294443,46.821113682117016,32.25355534168642,37.05300124857854
2025-05-29,Bengaluru,13.019134313347907,77.62629739072719,56.9121085367949,28.801324801896417,37.348387553263265,16.7707255170438,32.63269379286843,35.726867599454934
2025-05-30,Bengaluru,12.938349108909412,77.55932755635521,59.073537002098064,47.19162277129096,53.11775611198784,30.25352159727599,21.951987169162834,24.369333816353453
2025-05-31,Bengaluru,12.944850599220784,77.55756789782242,48.45005900703814,20.558250036251582,33.15818758788718,42.72139930170957,48.925441987533475,31.638654203375182
2025-06-01,Bengaluru,12.936292192358378,77.57886451465225,59.528412444378354,27.273570487137782,48.596917198618,13.212002620988333,34.60555491321306,44.51661008787613
2025-06-02,Bengaluru,12.97966990845543,77.59515087603899,65.24700036851861,24.939181047369846,38.5680362936639,13.356304998003225,38.791003760548584,27.50415914498862
2025-06-03,Bengaluru,12.952246346804282,77.62683812111854,58.2485112630713,30.466632378933948,66.08277027779997,35.18135850823133,67.48835565218803,52.212276431774
2025-06-04,Bengaluru,12.999304928565175,77.63082029736582,65.90695947324377,11.084911309815851,35.81674908773865,52.67736956776483,39.26654224788842,18.922152297946376
2025-06-05,Bengaluru,12.995764145183605,77.59385690707533,78.70337573302079,39.069939859509525,54.2717391558713,34.50239469447922,14.441926197599216,26.133010178056686
2025-06-06,Bengaluru,12.96699899111997,77.62084469586749,56.34924030937473,35.502427055876794,68.56204884359511,64.38938373043095,73.281703501722,37.61432184399923
2025-06-07,Bengaluru,12.944582672579763,77.59986622677768,82.15401639177412,22.483306730980974,43.251633456439436,23.54046208550734,31.166997598919558,27.441063534254496
2025-06-08,Bengaluru,12.943470980032359,77.56288377798688,51.775968076123846,52.50000867670461,23.427058104062198,43.308121405208006,58.269387284583374,32.30205453229906
2025-06-09,Bengaluru,12.958339072869707,77.55330172183028,77.69587812541064,42.911614464300364,32.03178558088602,47.2581497678206,23.46561775245365,50.22039265664422
2025-06-10,Bengaluru,12.943420753455218,77.63200717733052,47.421213023291536,26.69978616574814,48.02226004518865,58.434707537335925,30.440383794568078,46.87580055327226
2025-06-11,Bengaluru,12.967432359458758,77.57972193873488,59.53411600693647,26.354748745272495,25.95240437815606,29.983306652966707,44.3828909248956,37.19006472390438
2025-06-12,Bengaluru,12.96840690542343,77.59122994129399,50.89702233214237,46.86529879080328,0.0,32.50404735772554,32.106282152238684,60.82506667312671
2025-06-13,Bengaluru,13.004355305227405,77.56167083633125,62.118857101311946,8.04150280289199,51.52310824947606,43.23094758184432,47.62402959511884,98.8935655965449
2025-06-14,Bengaluru,12.926624300982299,77.54809115526562,28.738305907521173,65.87044974641663,35.688287208994666,44.30993356604514,39.31731632048137,33.63645499902935
2025-06-15,Bengaluru,12.945347855675227,77.54956143733388,51.452506076418615,44.942631033595134,17.242394549924814,51.258687512826484,33.757083926721194,23.048959914394633
2025-06-16,Bengaluru,13.001744577622295,77.58380935769046,51.96997369475665,45.3768042731443,29.035655864267902,51.368827748854294,50.282616081853064,67.72913249944617
2025-06-17,Bengaluru,13.014514471721169,77.58333225179753,61.47101309308417,59.438076727945216,29.217514185869042,51.17507969315922,37.079540558249775,39.037177343372534
2025-06-18,Bengaluru,13.017749232457412,77.61138679067008,58.256564353170624,43.22069774755789,63.67177086343277,54.78174528422828,53.03731888745345,33.16690710964194
2025-06-19,Bengaluru,13.016316146290025,77.6330855117696,46.66138757657514,54.32950837356629,53.14070188794692,62.090060136264725,30.94029061046156,36.55677016959479
2025-06-20,Bengaluru,12.965879813654373,77.57070485262348,74.94855765869171,33.002569311577034,49.60719692801236,37.14245341003283,44.86085542332341,22.78462915276499
2025-06-21,Bengaluru,12.9366472271006,77.64140763814507,61.27814174450852,0.0,37.19655762757023,15.542901344272899,58.08991774820224,51.661110291467665
2025-06-22,Bengaluru,12.996986808270991,77.6023891112694,45.766252187627444,66.21044796873338,53.98287346390577,36.45167069171581,57.03430220774416,23.40559731382549
2025-06-23,Bengaluru,12.948763318127437,77.56366098330744,52.06533437903977,24.15163535859621,58.34624600642988,36.117183994452525,45.28757452535319,31.44472950379479
2025-06-24,Bengaluru,12.97474549141893,77.57339453426759,31.316175368703348,38.97048930871797,19.475274417507844,69.80913998846212,53.67044083262083,41.5863068690722
2025-06-25,Bengaluru,12.95599576865577,77.61790001072227,68.15219068005139,42.9971565057807,43.96030122000505,59.08530250160152,50.98738154169703,44.330854942375346
2025-06-26,Bengaluru,12.961551878458694,77.57727947058578,58.15936599606414,41.40058561414977,23.04694412989114,76.17515013367631,62.74591082880359,49.03177480588725
2025-06-27,Bengaluru,12.924844344604718,77.6104717638727,45.72122309966647,41.16220777778294,43.86628810214126,21.373591367775635,45.01264625867346,37.67111426762877
2025-06-28,Bengaluru,13.003474022948405,77.64295672065137,31.382886631839135,27.094224838307472,33.79591699867534,68.31531486010286,48.34829686800637,19.96777646350163
2025-06-29,Bengaluru,12.94688581182501,77.60236317543445,76.2403658083061,32.93313022273182,38.59545716891244,59.88694971313285,20.692546471236252,19.04322722330513
2025-06-30,Bengaluru,13.002171452566822,77.57741794827976,37.209808867847364,0.0,33.23261712386502,48.27611199866381,58.00392624608244,33.05257956871902
2025-07-01,Bengaluru,13.003962361074898,77.58306110759787,31.95387450456869,34.17218837225486,42.856358348875865,46.738280819275516,32.35289960213676,40.51661517558762
2025-07-02,Bengaluru,12.969159619182202,77.58537481050027,66.80263068831701,25.265589486179806,40.88476332384396,46.70308751204047,34.86176198713353,42.556956564948564
2025-07-03,Bengaluru,12.9633666995817,77.55623584851645,69.15324254383833,42.35459441452652,31.202030956540966,43.363246064361896,50.71914685954927,9.25088082133783
2025-07-04,Bengaluru,12.961920775613326,77.62796440104752,66.38234899860345,57.95870385467842,19.42489454154301,29.3583849635868,35.67176956186443,28.243697183133577
2025-07-05,Bengaluru,12.962917251720773,77.61218229251041,51.666798307697,43.065835474044654,21.967757108858667,34.06478932365604,44.761798918752625,35.00709393426233
2025-07-06,Bengaluru,12.925791521671627,77.58651828759021,37.282945362288494,44.823898170088576,66.32399607470862,40.276024461751575,43.378961758713245,50.39084132675289
2025-07-07,Bengaluru,12.98458206544347,77.58492106331838,63.03493194634203,64.47785348633664,29.00450506714016,67.27092883836737,51.627332410521745,48.295601287785374
2025-07-08,Bengaluru,12.936243625660282,77.62789297155743,78.0079748771081,42.105398047720705,10.493954446192717,23.242203074394965,37.21231371710879,44.64998474748332
2025-07-09,Bengaluru,13.006021232528616,77.59300205725094,30.733472039420626,42.1538190475774,12.73031161919268,51.39568443226253,38.58311928336996,46.294149580361776
2025-07-10,Bengaluru,12.994437085433965,77.57918060984105,75.62586996088277,48.753164545178315,38.057241297048385,48.69785927942698,29.39661148018977,52.83333488531068
2025-07-11,Bengaluru,13.020633230379365,77.54717695987644,84.74221341485881,56.05915839968779,29.055962952888855,45.42125975909654,20.602876843620283,48.58585466763513
2025-07-12,Bengaluru,12.952321641702127,77.5992458541728,42.57324234131454,35.752916548843494,35.48710379288761,21.85784596871792,45.83468094028276,43.77210413410768
2025-07-13,Bengaluru,12.93001276622594,77.58391039075595,75.73060689624845,64.83110669632443,32.746577742301945,30.817496242677688,47.36811498117994,34.629559303795205
2025-07-14,Bengaluru,13.014246379795619,77.58656273828068,31.359658687390606,59.77453487279004,41.09020786494012,33.8276028315673,38.661487686678264,39.43644032530778
2025-07-15,Bengaluru,12.980435222098317,77.5843684414433,60.61988448405928,46.645031956710625,54.27324655861064,24.682563136595498,47.10207848552842,35.985383636518094
2025-07-16,Bengaluru,12.959072197050737,77.59958685627763,58.51358549638096,30.957690163240578,46.483944259512334,47.05066281052303,29.385611577669607,29.317392037359348
2025-07-17,Bengaluru,13.003330531221325,77.63763984201694,58.34001947164006,26.550366590271878,52.6297554317819,34.461891993288305,0.0,34.37766915067291
2025-07-18,Bengaluru,12.955040117898875,77.58405723153189,41.43860042666141,41.64112707749455,59.92961242372347,44.6977671079747,30.902449176763906,46.83856292756054
2025-07-19,Bengaluru,12.936524946974147,77.5714174367745,42.684559976505234,13.722567898724211,34.15114440160832,42.37080234880198,38.550644949776654,33.76049608078962
2025-07-20,Bengaluru,12.991316369213799,77.56394353429565,40.24302120080122,51.64041870765213,24.96674471609913,28.713471439704477,17.998222140764845,32.47896779671545
2025-07-21,Bengaluru,12.98883838432917,77.62720646845483,74.67633168042053,47.83213818900904,23.44495257204446,35.03816163508664,28.29701306323806,59.95862356058561
2025-07-22,Bengaluru,12.988727082522914,77.57166439419818,73.39430805163154,67.4443030257413,33.85470111055754,50.68483239370243,74.22477754808264,30.73537484599455
2025-07-23,Bengaluru,12.96271904758695,77.58734864540902,70.69068043291998,11.752746879121243,34.41521420593116,46.55969780558441,42.777633052448714,46.381672962762586
2025-07-24,Bengaluru,13.003927321268003,77.600219069263,45.71525428891805,29.845072923122032,28.41010832093764,52.45287717793915,53.50597882592595,46.768379789777626
2025-07-25,Bengaluru,12.954032937735152,77.61224837495206,85.00836167326706,62.84857932568387,51.0343299586862,66.7269836315659,15.150651884833394,32.133277956060226
2025-07-26,Bengaluru,12.99845813309132,77.56722724300032,44.24788890596781,51.36242724006228,60.5580421599507,50.42804350125999,44.25626535492252,25.181899886488765
2025-07-27,Bengaluru,13.006544640622574,77.54909968212354,47.29723550811953,58.74428357945,51.69023505857999,39.41470720933684,33.73135681351164,9.612881903329345
2025-07-28,Bengaluru,12.922968241476068,77.55275987200048,43.93721371973342,68.67128630709585,20.793166434963,42.84219731831621,55.11165959792798,21.176159979965615
2025-07-29,Bengaluru,13.01813027236304,77.54964167736023,62.77065712171625,54.068733062659824,40.187489828608754,83.02604583500153,14.971011116827071,55.88092794825818
2025-07-30,Bengaluru,13.01332680665777,77.58525905373595,66.61960727548869,29.00265704335005,43.434945886890105,12.131478229025692,49.04871250857091,44.472376989857885
2025-07-31,Bengaluru,13.000819119480168,77.61223610678728,65.51429760314566,42.221341296974146,26.783974950080616,29.316688545264235,57.80101930265997,61.54503108558968
2025-08-01,Bengaluru,12.980946138270474,77.54622434432095,46.43078437509351,57.59135267901168,49.98125235537668,69.11826154695623,26.825153842303916,34.32988151472674
2025-08-02,Bengaluru,12.931041889766048,77.62775183331122,63.47168883788358,49.69734306588656,36.764985436785516,26.905583643194493,53.22111293385357,50.81703043818372
2025-08-03,Bengaluru,12.933421862229109,77.54460307188454,46.25588849154413,60.331642016582435,57.552980637949055,42.014447458716894,41.19396793564054,48.31086656673861
2025-08-04,Bengaluru,12.97304613277399,77.55310563854893,27.714246830862294,53.14683468254403,16.57760166337211,62.551297426434985,35.04819859050325,36.82499527103235
2025-08-05,Bengaluru,12.95309184445889,77.55426448342878,81.27797017722055,2.682870151973809,59.15448079132282,45.07035221652562,21.894675282141765,23.870314104261432
2025-08-06,Bengaluru,12.961870372099456,77.61185072626736,42.69974234106061,57.05971813547094,45.078293144288715,25.931116351954017,43.24937463106929,24.61370974539584
2025-08-07,Bengaluru,12.990942212805631,77.61466114963945,67.98009298232915,45.42491591870525,66.41782187301061,39.99529491082338,22.271888118687983,46.74210869248461
2025-08-08,Bengaluru,12.924168964486942,77.5730541385677,91.2907057430567,24.77860760221222,34.57805849959021,46.24669057152179,39.19142726491391,25.26544629434028
2025-08-09,Bengaluru,12.98015637287933,77.59873744209074,62.94197188535861,26.438975653959996,16.765592124197873,43.869639718317714,56.55816014974387,47.12751619743072
2025-08-10,Bengaluru,12.92575789598466,77.5944129943548,43.617545509228655,52.52126989487323,53.70657432078379,16.814053199639,63.847584672710255,48.611068313410016
2025-08-11,Bengaluru,12.95808224702078,77.60869655280987,39.51263766876842,37.765460353490546,47.541766403427914,66.94541234390445,50.591183707226975,36.3597808478195
2025-08-12,Bengaluru,12.923693411782674,77.57617731512495,44.60446188501162,58.45000859078725,25.529418613739278,64.42702832158483,35.73423025590236,63.858731089267756
2025-08-13,Bengaluru,12.962827972783167,77.63807299154882,52.2090544226081,34.886381839808806,46.42475038562856,41.15734744326575,31.09282887896942,37.515528845235515
2025-08-14,Bengaluru,12.955530526730957,77.59519316543195,66.87252172183048,25.3041816292479,22.700013951913824,14.689834793339344,13.091612531981646,19.66828745331566
2025-08-15,Bengaluru,12.987569027293048,77.58880334209312,52.11180486157194,42.66625159402047,46.00722079759493,41.965977793237734,38.8383480891101,22.07059354601133
2025-08-16,Bengaluru,12.981780673394546,77.60277366474212,34.76011958815971,24.639571136704305,35.802844864344905,25.53193307634713,47.58948330183798,29.075916963900802
2025-08-17,Bengaluru,12.942483093549459,77.55045653052845,92.47584101709904,57.858228915153944,43.18861045948322,55.40479394979599,56.588506365359635,31.540787679126353
2025-08-18,Bengaluru,12.975627889318742,77.55252802846312,72.92454186746916,42.08590597980127,16.34505276713504,27.957633340737367,38.89040704608433,38.865015935112545
2025-08-19,Bengaluru,12.964877148434182,77.60416798241616,67.58383862753811,62.33669662492434,74.07174618134194,33.93403865224058,47.371441790803,48.54640535797971
2025-08-20,Bengaluru,12.94930692497134,77.63868801695592,66.53963084250069,2.0163087217047178,50.23104235093947,41.89266855492951,36.66287654832602,70.70293293579337
2025-08-21,Bengaluru,13.00256750362659,77.63965328209544,49.87598971814172,33.95386016402454,69.873299533071,27.51908042725215,31.748270755951914,37.79461864853725
